<?xml version="1.0" ?>
<schema xmlns:xsi="http://www.w3.org/2001/XMLSchema-instance" xsi:noNamespaceSchemaLocation="urn:magento:framework:Setup/Declaration/Schema/etc/schema.xsd">
	<table name="alfakher_mydocument_mydocument" resource="default" engine="innodb" comment="alfakher_mydocument_mydocument Table">
		<column xsi:type="int" name="mydocument_id" padding="10" unsigned="true" nullable="false" identity="true" comment="MyDocument Id"/>
		<column name="customer_id" padding="10"  unsigned="true" nullable="true" xsi:type="int" comment="Customer ID" default="0" identity="false"/>
		<column name="is_customerfrom_usa" nullable="true" xsi:type="boolean" comment="is_customerfrom_usa"/>
		<column name="filename" nullable="true" xsi:type="text" comment="filename"/>
		<column name="status" nullable="true" xsi:type="int" comment="status" identity="false"/>
		<column name="message" nullable="true" xsi:type="text" comment="message"/>
		<column name="document_name" nullable="true" xsi:type="text" comment="document_name"/>
		<column name="created_at" nullable="true" xsi:type="date" comment="created_at"/>
		<column name="expiry_date" nullable="true" xsi:type="date" comment="expiry_date"/>
		<constraint xsi:type="primary" referenceId="PRIMARY">
			<column name="mydocument_id"/>
		</constraint>
        <constraint xsi:type="foreign" 
        			referenceId="ALFAKHER_MYDOCUMENT_MYDOCUMENT_CUSTOMER_ID_CUSTOMER_ENTITY_ENTITY_ID" 
        			table="alfakher_mydocument_mydocument"
           			column="customer_id" 
           			referenceTable="customer_entity" 
           			referenceColumn="entity_id"
           			onDelete="CASCADE"/>
	</table>
</schema>
